5,"forest"
6,"forest"
7,"forest"
9,"seles"
10,"seles"
11,"seles"
12,"seles"
13,"hellena"
14,"hellena"
15,"hellena"
16,"hellena"
17,"hellena"
18,"hellena"
19,"hellena"
20,"hellena"
21,"hellena"
22,"hellena"
23,"hellena"
24,"hellena"
25,"hellena"
26,"hellena"
27,"hellena"
28,"hellena"
29,"hellena"
30,"hellena"
31,"hellena"
32,"hellena"
33,"hellena"
34,"hellena"
35,"hellena"
36,"hellena"
37,"hellena"
38,"prairie"
39,"prairie"
40,"prairie"
41,"prairie"
42,"prairie"
43,"prairie"
44,"prairie"
45,"limestone"
46,"limestone"
47,"limestone"
48,"limestone"
49,"limestone"
50,"limestone"
51,"limestone"
52,"limestone"
53,"limestone"
54,"limestone"
56,"hellena"
57,"seles"
65,"bale"
66,"bale"
67,"bale"
68,"bale"
69,"bale"
70,"bale"
71,"bale"
72,"bale"
73,"bale"
74,"bale"
75,"bale"
76,"bale"
77,"bale"
78,"bale"
79,"bale"
80,"bale"
81,"bale"
82,"bale"
83,"bale"
84,"bale"
85,"bale"
86,"bale"
87,"bale"
88,"bale"
89,"bale"
90,"bale"
91,"bale"
92,"bale"
93,"bale"
94,"bale"
95,"bale"
96,"hoax"
97,"hoax"
98,"hoax"
99,"hoax"
100,"hoax"
101,"hoax"
102,"hoax"
103,"hoax"
104,"hoax"
105,"hoax"
107,"marshlands"
108,"marshlands"
109,"marshlands"
110,"marshlands"
111,"marshlands"
112,"hoax"
113,"hoax"
114,"volcano"
115,"volcano"
116,"volcano"
117,"volcano"
118,"volcano"
119,"volcano"
120,"volcano"
121,"volcano"
122,"volcano"
123,"volcano"
130,"nest"
131,"nest"
132,"nest"
133,"nest"
134,"nest"
135,"nest"
136,"nest"
137,"nest"
138,"nest"
139,"nest"
140,"lohan"
141,"lohan"
142,"lohan"
143,"lohan"
144,"lohan"
145,"lohan"
146,"lohan"
147,"lohan"
148,"lohan"
149,"lohan"
150,"lohan"
151,"lohan"
153,"shrine"
154,"shrine"
155,"shrine"
156,"shrine"
157,"shrine"
158,"shrine"
159,"shrine"
160,"shrine"
161,"shrine"
162,"shrine"
163,"shrine"
164,"shrine"
165,"shrine"
166,"shrine"
171,"kazas"
172,"kazas"
173,"kazas"
174,"kazas"
175,"kazas"
176,"kazas"
177,"kazas"
178,"kazas"
179,"kazas"
180,"kazas"
181,"kazas"
182,"kazas"
183,"kazas"
184,"kazas"
185,"kazas"
186,"kazas"
187,"kazas"
188,"kazas"
189,"kazas"
190,"kazas"
191,"kazas"
192,"kazas"
193,"kazas"
194,"kazas"
195,"kazas"
196,"kazas"
197,"kazas"
198,"kazas"
199,"kazas"
200,"kazas"
201,"fletz"
202,"fletz"
203,"fletz"
204,"fletz"
205,"fletz"
206,"fletz"
207,"fletz"
208,"fletz"
209,"fletz"
210,"fletz"
211,"fletz"
212,"fletz"
213,"fletz"
214,"fletz"
215,"fletz"
216,"fletz"
217,"fletz"
218,"fletz"
219,"fletz"
220,"fletz"
221,"fletz"
222,"fletz"
223,"fletz"
224,"fletz"
225,"fletz"
226,"fletz"
227,"fletz"
228,"fletz"
229,"fletz"
230,"fletz"
231,"barrens"
232,"barrens"
233,"barrens"
234,"fletz"
235,"fletz"
236,"fletz"
237,"fletz"
238,"fletz"
239,"donau"
240,"donau"
241,"donau"
242,"donau"
243,"donau"
244,"donau"
245,"donau"
246,"donau"
247,"donau"
248,"donau"
249,"donau"
250,"donau"
251,"valley"
252,"valley"
253,"valley"
254,"valley"
255,"valley"
256,"valley"
257,"valley"
258,"valley"
259,"donau"
260,"fletz"
261,"giganto"
262,"giganto"
263,"giganto"
264,"giganto"
265,"giganto"
266,"giganto"
267,"giganto"
268,"giganto"
276,"queenfury"
277,"queenfury"
278,"queenfury"
279,"queenfury"
280,"queenfury"
281,"queenfury"
282,"queenfury"
283,"queenfury"
284,"queenfury"
285,"queenfury"
286,"queenfury"
287,"queenfury"
288,"phantomship"
289,"phantomship"
290,"phantomship"
291,"phantomship"
292,"phantomship"
293,"phantomship"
294,"phantomship"
295,"phantomship"
296,"phantomship"
297,"lidiera"
298,"lidiera"
299,"lidiera"
300,"lidiera"
301,"underseacavern"
302,"underseacavern"
303,"underseacavern"
304,"underseacavern"
305,"underseacavern"
309,"fueno"
310,"fueno"
311,"fueno"
312,"fueno"
313,"fueno"
314,"fueno"
315,"fueno"
316,"fueno"
317,"fueno"
318,"fueno"
319,"fueno"
323,"underseacavern"
324,"underseacavern"
325,"underseacavern"
328,"furni"
329,"furni"
330,"furni"
331,"furni"
332,"furni"
333,"furni"
334,"furni"
335,"furni"
336,"furni"
337,"furni"
338,"furni"
339,"evergreen"
340,"evergreen"
341,"evergreen"
342,"evergreen"
343,"evergreen"
344,"evergreen"
345,"evergreen"
346,"evergreen"
347,"deningrad"
348,"deningrad"
349,"deningrad"
350,"deningrad"
351,"deningrad"
352,"deningrad"
353,"deningrad"
354,"deningrad"
355,"deningrad"
356,"deningrad"
357,"deningrad"
358,"deningrad"
359,"deningrad"
360,"deningrad"
361,"deningrad"
362,"deningrad"
363,"deningrad"
364,"lidiera"
365,"lidiera"
366,"lidiera"
367,"deningrad"
368,"deningrad"
369,"deningrad"
370,"deningrad"
371,"deningrad"
372,"deningrad"
373,"deningrad"
374,"deningrad"
375,"deningrad"
376,"deningrad"
379,"neet"
380,"neet"
381,"winglyforest"
382,"winglyforest"
383,"winglyforest"
384,"winglyforest"
385,"winglyforest"
386,"winglyforest"
387,"winglyforest"
388,"winglyforest"
389,"deningrad"
393,"kadessa"
394,"kadessa"
395,"kadessa"
396,"kadessa"
397,"kadessa"
398,"kadessa"
399,"kadessa"
400,"kadessa"
401,"kadessa"
402,"kadessa"
403,"kadessa"
404,"kadessa"
405,"kadessa"
413,"mtdragon"
414,"mtdragon"
415,"mtdragon"
416,"mtdragon"
417,"mtdragon"
418,"mtdragon"
419,"mtdragon"
420,"mtdragon"
421,"mtdragon"
422,"mtdragon"
423,"mtdragon"
424,"mtdragon"
425,"mtdragon"
426,"mtdragon"
427,"mtdragon"
433,"kashua"
434,"kashua"
435,"kashua"
436,"kashua"
437,"kashua"
438,"kashua"
442,"flanvel"
443,"flanvel"
444,"flanvel"
445,"flanvel"
446,"flanvel"
447,"flanvel"
448,"flanvel"
449,"flanvel"
450,"flanvel"
451,"flanvel"
452,"flanvel"
457,"snowfield"
458,"snowfield"
459,"snowfield"
460,"snowfield"
461,"snowfield"
462,"snowfield"
465,"snowfield"
466,"snowfield"
467,"snowfield"
477,"vellweb"
478,"vellweb"
479,"vellweb"
480,"vellweb"
481,"vellweb"
482,"vellweb"
483,"vellweb"
484,"vellweb"
485,"vellweb"
486,"vellweb"
487,"vellweb"
488,"vellweb"
489,"vellweb"
490,"vellweb"
491,"vellweb"
492,"vellweb"
493,"vellweb"
494,"vellweb"
495,"vellweb"
496,"vellweb"
497,"vellweb"
498,"vellweb"
499,"vellweb"
500,"vellweb"
501,"vellweb"
502,"vellweb"
513,"ulara"
514,"ulara"
515,"ulara"
516,"ulara"
517,"ulara"
518,"ulara"
519,"ulara"
520,"ulara"
521,"ulara"
522,"ulara"
523,"ulara"
524,"ulara"
525,"ulara"
526,"ulara"
528,"zenebatos"
529,"zenebatos"
530,"zenebatos"
531,"zenebatos"
532,"zenebatos"
533,"zenebatos"
534,"zenebatos"
535,"zenebatos"
536,"zenebatos"
537,"zenebatos"
538,"zenebatos"
539,"mayfil"
540,"mayfil"
541,"mayfil"
542,"mayfil"
543,"mayfil"
544,"mayfil"
545,"mayfil"
546,"mayfil"
547,"mayfil"
548,"mayfil"
549,"mayfil"
550,"mayfil"
551,"mayfil"
552,"mayfil"
553,"mayfil"
563,"rouge"
564,"rouge"
565,"rouge"
566,"rouge"
567,"rouge"
568,"rouge"
569,"aglis"
570,"aglis"
571,"aglis"
572,"aglis"
573,"aglis"
574,"aglis"
575,"aglis"
576,"aglis"
577,"aglis"
578,"aglis"
579,"aglis"
580,"aglis"
581,"aglis"
582,"aglis"
583,"divinetree"
584,"divinetree"
585,"divinetree"
586,"divinetree"
587,"divinetree"
588,"divinetree"
589,"divinetree"
590,"divinetree"
591,"divinetree"
592,"divinetree"
593,"divinetree"
597,"moon"
598,"moon"
599,"moon"
600,"moon"
601,"moon"
602,"moon"
603,"moon"
604,"moon"
605,"moon"
606,"moon"
607,"moon"
608,"moon"
609,"moon"
610,"moon"
611,"moon"
612,"moon"
613,"moon"
614,"moon"
615,"moon"
616,"moon"
617,"moon"
618,"moon"
619,"moon"
620,"moon"
621,"moon"
622,"moon"
745,"deathfrontier"
746,"deathfrontier"
747,"deathfrontier"
748,"deathfrontier"
749,"deathfrontier"
750,"deathfrontier"
751,"deathfrontier"
752,"deathfrontier"
753,"deathfrontier"
754,"deathfrontier"
755,"deathfrontier"
756,"deathfrontier"
757,"deathfrontier"
758,"deathfrontier"
759,"deathfrontier"
760,"deathfrontier"
761,"deathfrontier"
762,"deathfrontier"
763,"deathfrontier"
764,"deathfrontier"
765,"deathfrontier"
766,"deathfrontier"
767,"deathfrontier"
768,"deathfrontier"
769,"deathfrontier"
770,"deathfrontier"
771,"deathfrontier"
772,"deathfrontier"
773,"deathfrontier"
774,"deathfrontier"
775,"deathfrontier"
776,"deathfrontier"
777,"deathfrontier"
778,"deathfrontier"
779,"deathfrontier"
780,"deathfrontier"
781,"deathfrontier"
782,"deathfrontier"
783,"deathfrontier"
784,"deathfrontier"
785,"deathfrontier"
786,"deathfrontier"
787,"deathfrontier"
788,"deathfrontier"
789,"deathfrontier"
790,"deathfrontier"